Amino_Acid_Position,Clinical_Protein_Change,Citation
3,p.Y3*,COSMIC
4,p.L4V,COSMIC
7,p.K7Rfs*11,COSMIC
8,p.E8*,COSMIC
8,p.E8G,COSMIC
8,p.E8G,TCGA
12,p.A12G,COSMIC
12,p.A12T,COSMIC
12,p.A12V,COSMIC
14,p.A14V,COSMIC
14,p.A14V,TCGA
15,p.Phe15Ser,gnomAD_v3.1
19,p.M19V,COSMIC
19,p.Met19Ile,gnomAD_v3.1
19,p.M19V,TCGA
20,p.R20G,TCGA
22,p.Ser22Phe,gnomAD_v3.1
25,p.T25S,COSMIC
25,p.Thr25Ser,gnomAD_v3.1
26,p.Glu26Lys,gnomAD_v3.1
29,p.Leu29Val,gnomAD_v3.1
33,p.E33V,TCGA
34,p.P34L,COSMIC
34,p.Pro34Ala,gnomAD_v3.1
35,p.G35V,Rizvi_etal_Science_2015
36,p.V36M,COSMIC
36,p.Val36Met,gnomAD_v3.1
37,p.E37*,COSMIC
37,p.E37K,COSMIC
37,p.E37K,TCGA
42,p.L42M,COSMIC
43,p.S43L,COSMIC
43,p.Ser43Leu,gnomAD_v3.1
44,p.Asp44Tyr,gnomAD_v3.1
44,p.D44V,TCGA
48,p.L48F,Miao_etal_NatGen_2018
49,p.Arg49Gln,gnomAD_v3.1
49,p.Arg49Trp,gnomAD_v3.1
50,p.Leu50Val,gnomAD_v3.1
53,p.G53E,COSMIC
54,p.E54*,COSMIC
54,p.E54Q,COSMIC
54,p.E54K,COSMIC
55,p.Y55*,COSMIC
57,p.A57T,COSMIC
58,p.E58D,COSMIC
58,p.E58K,COSMIC
61,p.C61Y,COSMIC
62,p.I62Sfs*21,COSMIC
62,p.I62V,ClinVar
62,p.Ile62Val,gnomAD_v3.1
65,p.A65E,COSMIC
66,p.Q66R,COSMIC
67,p.A67T,COSMIC
69,p.R69H,COSMIC
69,p.R69C,COSMIC
69,p.Arg69Cys,gnomAD_v3.1
69,p.Arg69Gly,gnomAD_v3.1
69,p.X69_splice,TCGA
71,p.S71Y,COSMIC
76,p.Asn76Ser,gnomAD_v3.1
76,p.N76S,TCGA
77,p.L77I,TCGA
78,p.F78S,COSMIC
79,p.A79S,TCGA
81,p.Y81*,COSMIC
81,p.Tyr81Phe,gnomAD_v3.1
81,p.Y81*,TCGA
82,p.D82E,COSMIC
83,p.E83*,COSMIC
83,p.E83K,COSMIC
83,p.E83D,COSMIC
83,p.Glu83Lys,gnomAD_v3.1
83,p.E83*,TCGA
85,p.T85A,COSMIC
89,p.Y89C,COSMIC
89,p.Y89S,COSMIC
92,p.N92D,COSMIC
92,p.N92D,TCGA
93,p.R93C,COSMIC
93,p.R93H,COSMIC
93,p.R93H,TCGA
94,p.Thr94Ile,gnomAD_v3.1
96,p.T96I,Miao_etal_NatGen_2018
97,p.Val97Ala,gnomAD_v3.1
99,p.Asp99Glu,gnomAD_v3.1
101,p.Met101Val,gnomAD_v3.1
102,p.S102F,COSMIC
102,p.S102F,COSMIC
102,p.S102F,TCGA
103,p.L103I,TCGA
104,p.R104W,COSMIC
104,p.R104W,COSMIC
104,p.Arg104Leu,gnomAD_v3.1
104,p.Arg104Gln,gnomAD_v3.1
104,p.Arg104Trp,gnomAD_v3.1
105,p.L105F,COSMIC
106,p.H106Y,COSMIC
106,p.H106Y,Miao_etal_NatGen_2018
108,p.R108Q,COSMIC
108,p.R108W,COSMIC
108,p.R108W,TCGA
109,p.M109I,COSMIC
109,p.M109I,COSMIC
110,p.R110_splice,VanAllen_etal_Science_2015
110,p.R110S,Miao_etal_NatGen_2018
113,p.F113L,COSMIC
117,p.H117R,COSMIC
120,p.Asn120Ser,gnomAD_v3.1
121,p.D121N,COSMIC
121,p.D121Y,COSMIC
121,p.Asp121Asn,gnomAD_v3.1
122,p.Asn122Ser,gnomAD_v3.1
123,p.E123*,COSMIC
123,p.E123*,TCGA
124,p.Gln124Pro,gnomAD_v3.1
124,p.Gln124Leu,gnomAD_v3.1
126,p.Val126Gly,gnomAD_v3.1
128,p.R128C,COSMIC
128,p.R128H,COSMIC
128,p.Arg128His,gnomAD_v3.1
128,p.R128H,TCGA
129,p.H129Q,COSMIC
131,p.P131L,COSMIC
131,p.P131L,COSMIC
136,p.N136Mfs*32,COSMIC
136,p.N136Mfs*32,TCGA
138,p.Tyr138Ter,gnomAD_v3.1
138,p.Tyr138Cys,gnomAD_v3.1
138,p.Tyr138His,gnomAD_v3.1
139,p.E139K,COSMIC
140,p.K140*,COSMIC
142,p.K142Rfs*26,COSMIC
142,p.Lys142Asn,gnomAD_v3.1
142,p.Lys142Arg,gnomAD_v3.1
142,p.K142Rfs*26,TCGA
143,p.I143Dfs*9,COSMIC
143,p.Ile143Met,gnomAD_v3.1
143,p.I143Dfs*9,TCGA
144,p.P144A,COSMIC
147,p.Thr147Ser,gnomAD_v3.1
148,p.P148H,COSMIC
148,p.P148T,COSMIC
149,p.L149V,TCGA
150,p.L150F,COSMIC
150,p.L150I,COSMIC
150,p.L150F,TCGA
153,p.Ser153Asn,gnomAD_v3.1
153,p.Ser153Thr,gnomAD_v3.1
154,p.S154*,COSMIC
154,p.S154L,COSMIC
155,p.L155P,COSMIC
156,p.E156G,COSMIC
157,p.Y157H,COSMIC
158,p.L158P,COSMIC
159,p.F159I,COSMIC
159,p.F159L,COSMIC
159,p.F159L,TCGA
161,p.X161_splice,TCGA
162,p.Gly162Gly,gnomAD_v3.1
164,p.Tyr164Cys,gnomAD_v3.1
174,p.R174*,COSMIC
174,p.R174Q,COSMIC
174,p.R174*,TCGA
174,p.R174Q,TCGA
178,p.Thr178Asn,gnomAD_v3.1
178,p.Thr178Ala,gnomAD_v3.1
179,p.E179K,COSMIC
179,p.E179K,TCGA
180,p.Q180E,COSMIC
182,p.G182E,VanAllen_etal_Science_2015
184,p.D184*,COSMIC
184,p.D184H,TCGA
186,p.E186Q,COSMIC
186,p.E186Q,TCGA
187,p.N187S,COSMIC
187,p.N187Rfs*41,COSMIC
188,p.E188K,COSMIC
188,p.E188V,COSMIC
188,p.E188V,TCGA
189,p.C189Y,COSMIC
189,p.C189Y,TCGA
192,p.M192K,COSMIC
192,p.M192I,COSMIC
193,p.A193V,COSMIC
193,p.A193T,TCGA
194,p.V194F,COSMIC
198,p.S198*,COSMIC
200,p.Y200C,COSMIC
202,p.M202I,COSMIC
202,p.M202T,COSMIC
202,p.M202T,TCGA
204,p.K204N,COSMIC
204,p.Lys204Met,gnomAD_v3.1
207,p.Q207L,COSMIC
207,p.Q207L,TCGA
208,p.Leu208Ser,gnomAD_v3.1
209,p.P209S,Miao_etal_NatGen_2018
210,p.E210K,COSMIC
212,p.Pro212del,gnomAD_v3.1
212,p.Pro212Arg,gnomAD_v3.1
213,p.K213R,COSMIC
213,p.Lys213Arg,gnomAD_v3.1
214,p.D214Rfs*14,TCGA
214,p.D214G,TCGA
215,p.I215M,COSMIC
215,p.Ile215Ile,gnomAD_v3.1
216,p.S216fs*3,COSMIC
216,p.Ser216Ser,gnomAD_v3.1
216,p.X216_splice,TCGA
217,p.Y217C,TCGA
218,p.K218N,COSMIC
219,p.R219*,COSMIC
219,p.Arg219Gln,gnomAD_v3.1
219,p.R219*,TCGA
219,p.R219Q,TCGA
221,p.Ile221Ser,gnomAD_v3.1
222,p.P222S,COSMIC
223,p.E223Dfs*11,COSMIC
225,p.Leu225Ser,gnomAD_v3.1
226,p.Asn226Lys,gnomAD_v3.1
226,p.Asn226Ser,gnomAD_v3.1
227,p.K227E,COSMIC
228,p.S228F,COSMIC
232,p.R232S,COSMIC
234,p.Leu234Val,gnomAD_v3.1
235,p.L235V,COSMIC
237,p.R237S,COSMIC
241,p.N241Y,COSMIC
242,p.N242S,COSMIC
242,p.Asn242Lys,gnomAD_v3.1
242,p.Asn242Ser,gnomAD_v3.1
243,p.V243F,COSMIC
245,p.K245R,COSMIC
246,p.D246N,COSMIC
246,p.D246Ifs*3,COSMIC
248,p.L248V,COSMIC
248,p.L248V,TCGA
251,p.F251V,TCGA
260,p.S260C,COSMIC
261,p.V261M,COSMIC
261,p.V261L,COSMIC
267,p.K267E,COSMIC
267,p.K267T,COSMIC
268,p.V268G,COSMIC
270,p.Y270*,COSMIC
270,p.Y270*,TCGA
270,p.Y270H,TCGA
272,p.A272S,COSMIC
272,p.A272S,TCGA
275,p.E275D,COSMIC
275,p.E275G,TCGA
275,p.E275D,TCGA
276,p.Thr276Ser,gnomAD_v3.1
278,p.T278Qfs*15,COSMIC
279,p.K279Lfs*4,COSMIC
282,p.G282S,COSMIC
282,p.G282S,TCGA
283,p.A283V,COSMIC
283,p.A283V,TCGA
284,p.E284K,COSMIC
284,p.E284*,COSMIC
284,p.E284K,TCGA
287,p.E287Q,COSMIC
288,p.Thr288Ile,gnomAD_v3.1
289,p.S289F,COSMIC
291,p.Leu291Ser,gnomAD_v3.1
292,p.Leu292Gln,gnomAD_v3.1
293,p.I293F,COSMIC
293,p.I293F,TCGA
294,p.S294*,COSMIC
294,p.S294L,COSMIC
294,p.Ser294Leu,gnomAD_v3.1
294,p.S294L,TCGA
295,p.S295*,COSMIC
295,p.S295L,COSMIC
299,p.M299I,COSMIC
300,p.N300I,COSMIC
302,p.Phe302Leu,gnomAD_v3.1
304,p.S304L,COSMIC
304,p.Ser304Leu,gnomAD_v3.1
304,p.S304L,TCGA
305,p.N305D,COSMIC
305,p.N305D,TCGA
307,p.Gly307Ser,gnomAD_v3.1
308,p.Gly308Arg,gnomAD_v3.1
308,p.G308del,TCGA
310,p.V310I,COSMIC
310,p.V310I,COSMIC
310,p.Val310Ile,gnomAD_v3.1
310,p.V310I,TCGA
313,p.Tyr313Cys,gnomAD_v3.1
314,p.E314K,COSMIC
314,p.E314K,TCGA
316,p.Met316Leu,gnomAD_v3.1
319,p.G319W,COSMIC
330,p.N330Y,COSMIC
330,p.N330Y,TCGA
332,p.V332F,COSMIC
333,p.S333F,COSMIC
333,p.S333Cfs*2,COSMIC
334,p.V334F,COSMIC
334,p.Val334Ala,gnomAD_v3.1
336,p.K336N,COSMIC
336,p.K336N,TCGA
337,p.E337K,COSMIC
337,p.E337D,COSMIC
339,p.N339Ifs*3,COSMIC
339,p.N339Kfs*2,COSMIC
339,p.N339K,COSMIC
339,p.N339Ifs*3,TCGA
340,p.Lys340Arg,gnomAD_v3.1
341,p.L341R,COSMIC
343,p.R343Q,COSMIC
343,p.R343W,COSMIC
343,p.Arg343Trp,gnomAD_v3.1
344,p.K344E,COSMIC
345,p.K345Nfs*32,COSMIC
345,p.K345Nfs*32,TCGA
346,p.L346Tfs*4,COSMIC
346,p.L346P,COSMIC
346,p.Leu346Met,gnomAD_v3.1
346,p.L346Tfs*4,TCGA
351,p.K351R,COSMIC
351,p.K351R,TCGA
354,p.E354K,COSMIC
354,p.Glu354Val,gnomAD_v3.1
354,p.Glu354Lys,gnomAD_v3.1
354,p.E354*,Roh_etal_SciTransMed_2017
355,p.Glu355Asp,gnomAD_v3.1
357,p.N357Kfs*15,COSMIC
357,p.N357Tfs*20,COSMIC
357,p.Asn357Ser,gnomAD_v3.1
357,p.N357Kfs*15,TCGA
359,p.Ile359Met,gnomAD_v3.1
359,p.I359T,TCGA
360,p.R360W,ClinVar
360,p.Arg360Gln,gnomAD_v3.1
360,p.Arg360Gly,gnomAD_v3.1
360,p.Arg360Trp,gnomAD_v3.1
361,p.E361K,COSMIC
362,p.Glu362Asp,gnomAD_v3.1
363,p.W363R,COSMIC
364,p.N364S,COSMIC
365,p.N365S,COSMIC
366,p.F366V,COSMIC
366,p.F366V,TCGA
367,p.S367C,COSMIC
367,p.S367F,COSMIC
367,p.S367Ffs*5,COSMIC
367,p.Ser367Thr,gnomAD_v3.1
367,p.S367Ffs*5,TCGA
367,p.S367Lfs*10,TCGA
368,p.Y368*,COSMIC
369,p.F369I,COSMIC
369,p.F369I,TCGA
370,p.P370S,COSMIC
370,p.P370S,TCGA
371,p.E371*,COSMIC
372,p.I372V,COSMIC
374,p.H374R,TCGA
374,p.H374N,TCGA
375,p.I375L,COSMIC
375,p.I375V,COSMIC
377,p.I377K,COSMIC
380,p.S380F,COSMIC
380,p.S380Y,COSMIC
380,p.S380Y,TCGA
383,p.S383G,COSMIC
383,p.Ser383Thr,gnomAD_v3.1
383,p.Ser383Gly,gnomAD_v3.1
387,p.Q387*,COSMIC
387,p.Q387Lfs*66,COSMIC
387,p.Q387*,TCGA
388,p.D388N,COSMIC
389,p.N389del,TCGA
397,p.S397C,COSMIC
398,p.S398F,COSMIC
398,p.S398F,TCGA
399,p.His399Gln,gnomAD_v3.1
400,p.E400K,COSMIC
400,p.Glu400Lys,gnomAD_v3.1
401,p.E401D,COSMIC
401,p.Glu401Asp,gnomAD_v3.1
401,p.Glu401Val,gnomAD_v3.1
401,p.Glu401Gly,gnomAD_v3.1
402,p.A402P,COSMIC
402,p.Ala402Gly,gnomAD_v3.1
403,p.L403W,COSMIC
407,p.S407F,COSMIC
407,p.S407T,COSMIC
409,p.V409I,COSMIC
410,p.D410N,COSMIC
414,p.R414Q,COSMIC
418,p.D418N,COSMIC
418,p.D418H,COSMIC
418,p.D418E,TCGA
419,p.A419V,COSMIC
419,p.A419V,TCGA
419,p.A419V,Miao_etal_NatGen_2018
422,p.Y422Ifs*11,COSMIC
424,p.C424F,COSMIC
425,p.T425I,COSMIC
425,p.T425I,TCGA
426,p.D426Y,COSMIC
426,p.D426Y,TCGA
427,p.V427M,COSMIC
428,p.A428P,COSMIC
428,p.A428Rfs*25,COSMIC
429,p.P429S,COSMIC
430,p.P430Rfs*2,COSMIC
430,p.P430S,COSMIC
430,p.P430Rfs*2,TCGA
430,p.P430S,TCGA
431,p.L431Vfs*22,COSMIC
431,p.L431Vfs*22,TCGA
433,p.V433I,COSMIC
433,p.Val433Ile,gnomAD_v3.1
433,p.V433I,TCGA
434,p.H434Y,COSMIC
437,p.Q437H,COSMIC
439,p.Gly439Ser,gnomAD_v3.1
443,p.P443L,COSMIC
444,p.I444V,COSMIC
447,p.E447*,COSMIC
449,p.A449T,COSMIC
449,p.A449T,TCGA
450,p.Ile450Val,gnomAD_v3.1
451,p.Asn451Lys,gnomAD_v3.1
454,p.R454W,COSMIC
455,p.Q455K,COSMIC
456,p.Glu456Lys,gnomAD_v3.1
457,p.G457*,TCGA
458,p.S458R,COSMIC
458,p.S458Rfs*8,COSMIC
458,p.S458R,TCGA
459,p.Glu459Lys,gnomAD_v3.1
462,p.M462V,COSMIC
462,p.M462I,COSMIC
463,p.Y463S,COSMIC
464,p.Val464Met,gnomAD_v3.1
464,p.V464M,TCGA
465,p.L465P,COSMIC
465,p.L465P,TCGA
467,p.W467*,COSMIC
468,p.Ser468Asn,gnomAD_v3.1
469,p.C469Y,COSMIC
469,p.C469Y,TCGA
470,p.T470I,COSMIC
470,p.Thr470Ala,gnomAD_v3.1
471,p.Asp471Asn,gnomAD_v3.1
473,p.D473G,COSMIC
473,p.D473G,TCGA
477,p.M477T,COSMIC
478,p.T478P,COSMIC
478,p.T478A,COSMIC
478,p.T478S,Lupardus_etal_PNAS_2014
479,p.V479I,COSMIC
481,p.C481*,COSMIC
482,p.F482Y,COSMIC
482,p.Phe482Tyr,gnomAD_v3.1
483,p.E483Q,COSMIC
483,p.Glu483Gln,gnomAD_v3.1
483,p.E483Q,TCGA
483,p.E483G,TCGA
484,p.Lys484Asn,gnomAD_v3.1
485,p.S485F,COSMIC
488,p.Val488Met,gnomAD_v3.1
489,p.Q489H,COSMIC
490,p.G490A,COSMIC
493,p.K493N,COSMIC
496,p.K496N,COSMIC
496,p.K496N,TCGA
497,p.N497H,COSMIC
500,p.Ile500Val,gnomAD_v3.1
500,p.I500L,TCGA
501,p.E501*,COSMIC
501,p.E501K,COSMIC
503,p.Q503*,COSMIC
506,p.R506S,COSMIC
506,p.R506C,ClinVar
506,p.Arg506His,gnomAD_v3.1
506,p.Arg506Cys,gnomAD_v3.1
507,p.Tyr507Cys,gnomAD_v3.1
508,p.Ser508Thr,gnomAD_v3.1
508,p.Ser508Gly,gnomAD_v3.1
510,p.H510R,COSMIC
510,p.His510Arg,gnomAD_v3.1
511,p.Gly511Ser,gnomAD_v3.1
512,p.S512L,COSMIC
512,p.S512L,COSMIC
512,p.Ser512Leu,gnomAD_v3.1
512,p.S512L,Lupardus_etal_PNAS_2014
512,p.S512L,TCGA
513,p.D513N,COSMIC
514,p.Arg514His,gnomAD_v3.1
514,p.Arg514Cys,gnomAD_v3.1
517,p.P517H,COSMIC
517,p.P517S,COSMIC
518,p.S518N,COSMIC
520,p.G520V,COSMIC
522,p.Leu522Phe,gnomAD_v3.1
523,p.M523I,COSMIC
523,p.Met523Ile,gnomAD_v3.1
524,p.S524Rfs*12,COSMIC
525,p.H525Y,COSMIC
525,p.H525Y,TCGA
527,p.K527N,COSMIC
527,p.K527N,TCGA
531,p.L531M,COSMIC
531,p.Leu531Val,gnomAD_v3.1
532,p.R532H,COSMIC
532,p.R532C,COSMIC
532,p.Arg532His,gnomAD_v3.1
532,p.Arg532Cys,gnomAD_v3.1
532,p.R532C,TCGA
533,p.T533M,COSMIC
533,p.T533M,TCGA
534,p.D534Y,COSMIC
534,p.Asp534Asn,gnomAD_v3.1
536,p.Ile536Asn,gnomAD_v3.1
536,p.Ile536Val,gnomAD_v3.1
537,p.S537G,TCGA
541,p.K541Nfs*30,TCGA
542,p.R542C,COSMIC
542,p.Arg542Cys,gnomAD_v3.1
542,p.R542C,TCGA
548,p.P548S,COSMIC
549,p.R549*,COSMIC
550,p.X550_splice,TCGA
553,p.Asn553Thr,gnomAD_v3.1
557,p.A557V,COSMIC
557,p.A557S,COSMIC
557,p.A557V,TCGA
557,p.A557S,TCGA
558,p.T558A,COSMIC
562,p.Q562R,COSMIC
562,p.Gln562His,gnomAD_v3.1
562,p.Q562R,TCGA
563,p.Glu563Asp,gnomAD_v3.1
564,p.W564C,COSMIC
564,p.W564R,COSMIC
567,p.V567I,COSMIC
567,p.V567Sfs*4,COSMIC
567,p.Val567Ile,gnomAD_v3.1
567,p.V567Sfs*4,TCGA
568,p.Y568*,COSMIC
569,p.P569R,TCGA
570,p.M570T,COSMIC
570,p.M570I,COSMIC
572,p.Q572L,COSMIC
574,p.S574N,COSMIC
576,p.Asp576Asn,gnomAD_v3.1
577,p.R577W,COSMIC
577,p.R577L,COSMIC
577,p.R577Q,COSMIC
577,p.Arg577Trp,gnomAD_v3.1
580,p.K580E,COSMIC
580,p.Lys580Arg,gnomAD_v3.1
585,p.Q585R,COSMIC
585,p.Q585*,COSMIC
585,p.Q585*,TCGA
586,p.Gly586Gly,gnomAD_v3.1
586,p.G586G,TCGA
587,p.E587K,COSMIC
587,p.E587D,COSMIC
590,p.G590R,VanAllen_etal_Science_2015
593,p.T593M,COSMIC
593,p.Thr593Met,gnomAD_v3.1
597,p.I597M,COSMIC
597,p.I597L,COSMIC
597,p.Ile597Met,gnomAD_v3.1
598,p.Tyr598Cys,gnomAD_v3.1
600,p.G600W,COSMIC
600,p.G600E,COSMIC
600,p.G600W,TCGA
604,p.D604Y,COSMIC
605,p.Y605F,TCGA
606,p.K606N,COSMIC
606,p.Lys606Asn,gnomAD_v3.1
609,p.E609*,COSMIC
609,p.Glu609del,gnomAD_v3.1
610,p.Gly610Ala,gnomAD_v3.1
611,p.Thr611Ile,gnomAD_v3.1
613,p.E613K,COSMIC
614,p.E614*,COSMIC
614,p.Glu614Lys,gnomAD_v3.1
616,p.K616T,COSMIC
616,p.K616del,COSMIC
616,p.K616del,TCGA
616,p.K616T,TCGA
620,p.I620T,COSMIC
620,p.I620T,TCGA
623,p.V623A,Lupardus_etal_PNAS_2014
624,p.L624_R629delinsW,COSMIC
624,p.L624_R629delinsW,COSMIC
624,p.L624-R629delinsW,Lupardus_etal_PNAS_2014
625,p.D625R,Lupardus_etal_PNAS_2014
626,p.Pro626Ser,gnomAD_v3.1
628,p.H628P,COSMIC
628,p.His628Arg,gnomAD_v3.1
629,p.R629K,COSMIC
629,p.R629_D630del,COSMIC
629,p.R629_D630del,COSMIC
630,p.D630G,COSMIC
631,p.D630_I631insRG,COSMIC
634,p.A634D,ClinVar
634,p.Ala634Ala,gnomAD_v3.1
634,p.A634D,Lupardus_etal_PNAS_2014
635,p.F635_F636>F,COSMIC
637,p.E637K,COSMIC
637,p.E637Q,COSMIC
639,p.A639G,COSMIC
642,p.M642I,COSMIC
642,p.M642I,COSMIC
642,p.Met642Thr,gnomAD_v3.1
643,p.R643G,COSMIC
643,p.R643G,TCGA
643,p.R643I,TCGA
644,p.Q644H,COSMIC
644,p.Q644*,COSMIC
644,p.Q644Hfs*57,COSMIC
645,p.V645F,COSMIC
646,p.S646P,COSMIC
646,p.S646F,COSMIC
646,p.S646F,COSMIC
646,p.S646F,ClinVar
646,p.S646F,Lupardus_etal_PNAS_2014
647,p.H647Y,Lupardus_etal_PNAS_2014
648,p.K648N,COSMIC
649,p.H649Pfs*60,COSMIC
651,p.V651M,COSMIC
651,p.V651M,ClinVar
651,p.Val651Met,gnomAD_v3.1
651,p.V651M,Lupardus_etal_PNAS_2014
652,p.Y652H,COSMIC
652,p.Y652H,COSMIC
652,p.Y652Lfs*57,COSMIC
652,p.Y652N,COSMIC
652,p.Y652D,COSMIC
652,p.Y652D,COSMIC
652,p.Y652H,Lupardus_etal_PNAS_2014
653,p.L653F,Lupardus_etal_PNAS_2014
654,p.Y654F,COSMIC
655,p.G655D,COSMIC
655,p.G655D,VanAllen_etal_Science_2015
656,p.V656I,COSMIC
658,p.V658F,COSMIC
658,p.V658F,COSMIC
658,p.V658I,COSMIC
658,p.V658I,COSMIC
658,p.V658Sfs*51,COSMIC
658,p.V658F,ClinVar
658,p.Val658ProfsTer50,gnomAD_v3.1
658,p.V658F,Lupardus_etal_PNAS_2014
659,p.R659C,COSMIC
659,p.R659H,COSMIC
659,p.R659S,COSMIC
660,p.D660H,COSMIC
660,p.D660H,COSMIC
660,p.Asp660Asn,gnomAD_v3.1
661,p.V661M,COSMIC
661,p.Val661Met,gnomAD_v3.1
661,p.Val661Leu,gnomAD_v3.1
662,p.E662Q,COSMIC
662,p.E662D,TCGA
663,p.Asn663Ser,gnomAD_v3.1
664,p.Ile664Thr,gnomAD_v3.1
667,p.E667*,COSMIC
667,p.E667Q,COSMIC
668,p.E668*,COSMIC
668,p.E668_E671del,COSMIC
668,p.E668Rfs*41,COSMIC
668,p.E668*,TCGA
669,p.Phe669Val,gnomAD_v3.1
670,p.Arg670Ser,gnomAD_v3.1
671,p.Gly671Cys,gnomAD_v3.1
672,p.Gly672Arg,gnomAD_v3.1
673,p.G673Vfs*30,COSMIC
673,p.G673Vfs*30,TCGA
674,p.Pro674Thr,gnomAD_v3.1
674,p.P674S,Roh_etal_SciTransMed_2017
675,p.L675V,COSMIC
676,p.Trp676Gly,gnomAD_v3.1
677,p.Leu677Val,gnomAD_v3.1
677,p.Gly677Arg,gnomAD_v3.1
679,p.M679L,COSMIC
679,p.Met679Leu,gnomAD_v3.1
679,p.Met679Leu,gnomAD_v3.1
679,p.Trp679Ter,gnomAD_v3.1
680,p.Val680Met,gnomAD_v3.1
681,p.R681W,COSMIC
681,p.Arg681Trp,gnomAD_v3.1
681,p.R681Q,TCGA
682,p.K682*,COSMIC
682,p.K682*,TCGA
683,p.S683T,COSMIC
683,p.Ser683Asn,gnomAD_v3.1
684,p.D684N,COSMIC
684,p.D684N,TCGA
685,p.Val685Ile,gnomAD_v3.1
685,p.Trp685Arg,gnomAD_v3.1
686,p.L686F,COSMIC
686,p.L686F,TCGA
687,p.T687I,COSMIC
687,p.Thr687Asn,gnomAD_v3.1
687,p.Leu687Phe,gnomAD_v3.1
690,p.W690*,Shin_etal_CancerDiscovery_2016
691,p.K691T,TCGA
692,p.Arg692His,gnomAD_v3.1
692,p.Arg692Cys,gnomAD_v3.1
692,p.Arg692Gly,gnomAD_v3.1
693,p.Lys693Arg,gnomAD_v3.1
695,p.A695T,COSMIC
695,p.Gly695Val,gnomAD_v3.1
695,p.Gly695Asp,gnomAD_v3.1
696,p.K696E,COSMIC
696,p.K696T,COSMIC
696,p.K696I,COSMIC
699,p.Phe699LeufsTer16,gnomAD_v3.1
700,p.Ser700Asn,gnomAD_v3.1
701,p.Ala701Val,gnomAD_v3.1
702,p.L702V,COSMIC
702,p.Gln702Lys,gnomAD_v3.1
703,p.S703I,COSMIC
703,p.S703T,COSMIC
703,p.S703I,ClinVar
703,p.Leu703Phe,gnomAD_v3.1
703,p.S703I,TCGA
704,p.Y704*,COSMIC
704,p.Arg704Lys,gnomAD_v3.1
706,p.E706A,COSMIC
706,p.E706K,COSMIC
706,p.X706_splice,TCGA
706,p.E706E,TCGA
707,p.D707N,COSMIC
709,p.Ter709TrpextTer23,gnomAD_v3.1
710,p.Leu710Val,gnomAD_v3.1
714,p.N714fs*?,COSMIC
714,p.N714Kfs*60,TCGA
715,p.V715M,VanAllen_etal_Science_2015
715,p.V715delin...,TCGA
716,p.C716*,COSMIC
716,p.C716*,TCGA
720,p.L720F,COSMIC
722,p.L722Q,COSMIC
722,p.L722Wfs*49,TCGA
723,p.A723D,COSMIC
724,p.R724H,COSMIC
724,p.R724Qfs*2,COSMIC
724,p.R724C,COSMIC
724,p.R724Q,COSMIC
724,p.R724H,COSMIC
724,p.R724H/Q,Lupardus_etal_PNAS_2014
724,p.R724H,TCGA
727,p.Ile727Met,gnomAD_v3.1
728,p.D728N,COSMIC
728,p.Asp728Gly,gnomAD_v3.1
729,p.S729C,COSMIC
729,p.S729C,TCGA
732,p.G732D,COSMIC
732,p.G732D,TCGA
734,p.F734L,COSMIC
734,p.F734L,COSMIC
735,p.Ile735Met,gnomAD_v3.1
735,p.I735F,TCGA
736,p.K736E,COSMIC
737,p.L737P,COSMIC
737,p.L737P,TCGA
739,p.Asp739Asn,gnomAD_v3.1
741,p.G741D,COSMIC
741,p.G741R,COSMIC
741,p.Gly741Ser,gnomAD_v3.1
741,p.G741D,TCGA
743,p.P743L,COSMIC
743,p.P743L,TCGA
744,p.Ile744Phe,gnomAD_v3.1
745,p.T745M,COSMIC
745,p.T745M,ClinVar
745,p.Thr745Met,gnomAD_v3.1
745,p.Thr745Ala,gnomAD_v3.1
746,p.V746A,COSMIC
749,p.R749T,COSMIC
751,p.E751K,COSMIC
755,p.R755*,COSMIC
755,p.R755Q,COSMIC
755,p.R755L,COSMIC
756,p.I756F,COSMIC
757,p.P757L,COSMIC
757,p.P757L,TCGA
760,p.A760P,TCGA
761,p.P761S,COSMIC
761,p.P761S,TCGA
762,p.E762D,COSMIC
762,p.E762D,TCGA
764,p.V764I,COSMIC
764,p.Val764Ile,gnomAD_v3.1
764,p.V764I,TCGA
765,p.E765*,COSMIC
765,p.E765Q,COSMIC
765,p.E765*,TCGA
766,p.Asp766Asn,gnomAD_v3.1
768,p.Lys768Glu,gnomAD_v3.1
768,p.K768E,TCGA
770,p.Leu770Pro,gnomAD_v3.1
771,p.S771C,COSMIC
771,p.Ser771Asn,gnomAD_v3.1
775,p.D775E,COSMIC
775,p.D775N,COSMIC
775,p.D775N,Shin_etal_CancerDiscovery_2016
777,p.W777C,COSMIC
777,p.W777*,COSMIC
777,p.W777R,COSMIC
777,p.W777G,TCGA
779,p.F779L,COSMIC
781,p.T781A,TCGA
782,p.T782M,COSMIC
782,p.T782M,Lupardus_etal_PNAS_2014
782,p.T782M,TCGA
783,p.L783F,COSMIC
783,p.L783F,Lupardus_etal_PNAS_2014
785,p.E785K,TCGA
786,p.I786F,COSMIC
786,p.Ile786Met,gnomAD_v3.1
786,p.I786F,TCGA
787,p.C787F,COSMIC
787,p.C787Y,COSMIC
787,p.C787Y,TCGA
788,p.Y788*,COSMIC
789,p.Asn789Ser,gnomAD_v3.1
790,p.G790D,COSMIC
791,p.E791K,COSMIC
791,p.E791K,TCGA
795,p.K795E,COSMIC
795,p.K795T,TCGA
796,p.D796Y,COSMIC
797,p.K797R,COSMIC
797,p.Lys797Arg,gnomAD_v3.1
798,p.T798M,COSMIC
802,p.X802_splice,TCGA
804,p.R804T,COSMIC
804,p.R804G,TCGA
809,p.R809W,COSMIC
809,p.Arg809Gln,gnomAD_v3.1
809,p.R809W,TCGA
810,p.C810W,COSMIC
815,p.P815S,COSMIC
815,p.P815S,TCGA
816,p.S816*,COSMIC
817,p.C817S,COSMIC
817,p.C817Y,COSMIC
820,p.L820Q,COSMIC
821,p.Ala821Asp,gnomAD_v3.1
824,p.M824L,COSMIC
825,p.T825S,COSMIC
825,p.T825I,COSMIC
826,p.R826C,COSMIC
826,p.R826H,COSMIC
826,p.Arg826His,gnomAD_v3.1
826,p.Arg826Cys,gnomAD_v3.1
827,p.C827Y,COSMIC
828,p.M828I,COSMIC
828,p.Met828Thr,gnomAD_v3.1
831,p.D831A,COSMIC
831,p.Asp831Val,gnomAD_v3.1
833,p.N833T,COSMIC
833,p.N833S,ClinVar
833,p.Asn833Ser,gnomAD_v3.1
834,p.Q834*,COSMIC
834,p.Q834R,COSMIC
835,p.R835Efs*12,COSMIC
836,p.P836S,COSMIC
837,p.F837L,TCGA
838,p.F838L,COSMIC
838,p.F838L,COSMIC
839,p.R839Q,COSMIC
839,p.R839*,COSMIC
839,p.R839*,TCGA
840,p.A840V,TCGA
843,p.R843I,COSMIC
844,p.D844Y,COSMIC
845,p.Ile845Val,gnomAD_v3.1
848,p.L848I,COSMIC
849,p.E849K,COSMIC
850,p.E850K,COSMIC
852,p.X852_splice,TCGA
855,p.I855T,COSMIC
858,p.E858Q,COSMIC
858,p.E858Q,TCGA
860,p.K860Nfs*16,COSMIC
860,p.Lys860Asn,gnomAD_v3.1
860,p.Lys860Glu,gnomAD_v3.1
860,p.K860Nfs*16,TCGA
861,p.P861Tfs*4,COSMIC
861,p.Pro861Thr,gnomAD_v3.1
861,p.P861Tfs*4,TCGA
862,p.Ala862Thr,gnomAD_v3.1
863,p.T863N,COSMIC
863,p.T863N,TCGA
864,p.E864*,COSMIC
868,p.T868Hfs*8,COSMIC
871,p.E871D,COSMIC
871,p.E871*,TCGA
871,p.E871D,TCGA
873,p.R873H,COSMIC
873,p.R873C,COSMIC
873,p.R873C,TCGA
878,p.Ile878Val,gnomAD_v3.1
879,p.R879H,COSMIC
879,p.R879C,COSMIC
879,p.Arg879Cys,gnomAD_v3.1
879,p.R879S/C/H,Lupardus_etal_PNAS_2014
879,p.R879H,TCGA
883,p.E883*,COSMIC
887,p.G887W,COSMIC
887,p.G887W,TCGA
888,p.Lys888Gln,gnomAD_v3.1
890,p.E890D,COSMIC
890,p.E890D,TCGA
891,p.L891H,COSMIC
891,p.L891F,COSMIC
892,p.Cys892Tyr,gnomAD_v3.1
893,p.Arg893Ser,gnomAD_v3.1
896,p.Pro896His,gnomAD_v3.1
897,p.E897K,COSMIC
897,p.E897Kfs*14,TCGA
897,p.E897K,Miao_etal_NatGen_2018
898,p.G898V,COSMIC
899,p.D899N,COSMIC
901,p.T901R,COSMIC
901,p.T901A,COSMIC
901,p.T901Nfs*8,COSMIC
902,p.G902V,COSMIC
902,p.G902E,COSMIC
903,p.E903K,COSMIC
903,p.Glu903Val,gnomAD_v3.1
910,p.L910P,COSMIC
910,p.L910S,COSMIC
910,p.L910P,TCGA
913,p.E913K,COSMIC
913,p.E913D,COSMIC
915,p.G915E,COSMIC
915,p.Gly915Arg,gnomAD_v3.1
916,p.G916Vfs*4,COSMIC
917,p.N917D,ClinVar
917,p.Asn917Asp,gnomAD_v3.1
919,p.Ile919Val,gnomAD_v3.1
925,p.E925Gfs*11,COSMIC
925,p.E925Gfs*11,TCGA
927,p.E927K,COSMIC
927,p.E927K,TCGA
928,p.I928F,COSMIC
931,p.Asn931Ser,gnomAD_v3.1
932,p.L932R,COSMIC
932,p.L932I,TCGA
932,p.L932R,TCGA
933,p.Y933F,COSMIC
933,p.Y933F,TCGA
933,p.Y933H,TCGA
934,p.H934Y,COSMIC
935,p.Glu935Ala,gnomAD_v3.1
937,p.I937T,COSMIC
937,p.I937T,TCGA
938,p.V938A,COSMIC
940,p.Y940C,COSMIC
943,p.I943Sfs*33,COSMIC
947,p.D947N,COSMIC
947,p.Asp947Asp,gnomAD_v3.1
947,p.D947N,TCGA
948,p.G948R,COSMIC
948,p.G948*,COSMIC
948,p.G948R,TCGA
951,p.Gly951Asp,gnomAD_v3.1
951,p.Gly951Ser,gnomAD_v3.1
952,p.I952V,COSMIC
952,p.Ile952Val,gnomAD_v3.1
957,p.E957A,COSMIC
957,p.E957A,TCGA
958,p.F958C,COSMIC
958,p.F958S,COSMIC
958,p.F958C,TCGA
958,p.F958S,TCGA
960,p.P960S,COSMIC
960,p.P960L,COSMIC
961,p.S961L,COSMIC
961,p.Ser961Leu,gnomAD_v3.1
964,p.L964R,COSMIC
964,p.L964R,TCGA
966,p.E966*,TCGA
967,p.Y967H,COSMIC
967,p.Tyr967His,gnomAD_v3.1
968,p.L968F,TCGA
969,p.P969S,COSMIC
969,p.P969T,COSMIC
969,p.P969L,COSMIC
969,p.Pro969Thr,gnomAD_v3.1
972,p.Lys972Asn,gnomAD_v3.1
973,p.N973K,COSMIC
973,p.Asn973Lys,gnomAD_v3.1
980,p.Q980H,COSMIC
980,p.Q980L,COSMIC
980,p.Q980L,TCGA
982,p.K982T,COSMIC
984,p.A984V,COSMIC
984,p.A984D,COSMIC
985,p.V985F,COSMIC
985,p.V985I,COSMIC
985,p.Val985Ile,gnomAD_v3.1
986,p.Q986*,COSMIC
990,p.G990R,COSMIC
990,p.G990G,TCGA
991,p.M991I,COSMIC
991,p.Met991Val,gnomAD_v3.1
991,p.M991Wfs*27,TCGA
994,p.L994F,COSMIC
996,p.S996Y,COSMIC
996,p.S996F,COSMIC
996,p.S996Y,TCGA
997,p.R997W,COSMIC
997,p.R997Q,COSMIC
997,p.Arg997Gln,gnomAD_v3.1
997,p.R997W,TCGA
998,p.Q998*,TCGA
999,p.Y999H,COSMIC
999,p.Y999H,TCGA
1002,p.R1002W,COSMIC
1002,p.R1002Q,COSMIC
1002,p.Arg1002Trp,gnomAD_v3.1
1002,p.R1002W,TCGA
1003,p.D1003H,COSMIC
1006,p.A1006*,COSMIC
1007,p.R1007T,COSMIC
1009,p.V1009D,COSMIC
1010,p.L1010R,COSMIC
1010,p.L1010P,COSMIC
1010,p.L1010P,TCGA
1011,p.V1011D,COSMIC
1011,p.V1011I,COSMIC
1012,p.E1012G,COSMIC
1012,p.E1012D,COSMIC
1012,p.E1012_S1013insK,COSMIC
1012,p.E1012Tfs*2,COSMIC
1013,p.Ser1013Asn,gnomAD_v3.1
1016,p.Q1016*,TCGA
1021,p.D1021E,COSMIC
1023,p.G1023C,COSMIC
1026,p.K1026E,COSMIC
1028,p.I1028Kfs*25,COSMIC
1029,p.E1029K,COSMIC
1031,p.D1031E,COSMIC
1031,p.Asp1031His,gnomAD_v3.1
1032,p.K1032T,COSMIC
1032,p.K1032del,COSMIC
1032,p.K1032del,TCGA
1033,p.E1033D,COSMIC
1033,p.E1033D,TCGA
1034,p.Y1034N,COSMIC
1034,p.Y1034H,COSMIC
1034,p.Y1034H,TCGA
1034,p.Y1034N,TCGA
1037,p.V1037I,COSMIC
1038,p.Lys1038Asn,gnomAD_v3.1
1041,p.R1041Q,COSMIC
1041,p.Arg1041Gln,gnomAD_v3.1
1043,p.S1043I,COSMIC
1045,p.V1045K,COSMIC
1045,p.V1045Cfs*13,COSMIC
1047,p.W1047*,COSMIC
1047,p.W1047G,COSMIC
1047,p.X1047_splice,TCGA
1047,p.W1047*,TCGA
1049,p.A1049V,COSMIC
1050,p.P1050T,COSMIC
1051,p.E1051*,COSMIC
1051,p.E1051Q,COSMIC
1053,p.Leu1053Val,gnomAD_v3.1
1057,p.K1057E,COSMIC
1057,p.K1057E,TCGA
1058,p.F1058L,COSMIC
1058,p.F1058L,TCGA
1059,p.Y1059C,COSMIC
1061,p.A1061Lfs*16,TCGA
1062,p.S1062C,COSMIC
1062,p.S1062F,COSMIC
1064,p.V1064A,COSMIC
1064,p.Val1064Ile,gnomAD_v3.1
1064,p.V1064A,TCGA
1066,p.S1066C,COSMIC
1068,p.G1068*,COSMIC
1070,p.T1070N,COSMIC
1070,p.T1070P,TCGA
1072,p.His1072Arg,gnomAD_v3.1
1073,p.E1073*,COSMIC
1077,p.Y1077D,COSMIC
1077,p.Y1077*,COSMIC
1080,p.S1080L,COSMIC
1082,p.S1082C,COSMIC
1085,p.M1085I,COSMIC
1086,p.Ala1086Gly,gnomAD_v3.1
1090,p.K1090Q,COSMIC
1090,p.K1090Q,TCGA
1092,p.I1092T,COSMIC
1093,p.G1093C,COSMIC
1093,p.G1093C,TCGA
1095,p.T1095I,COSMIC
1097,p.G1097D,COSMIC
1097,p.G1097V,COSMIC
1097,p.G1097C,COSMIC
1097,p.G1097S,COSMIC
1097,p.G1097V,COSMIC
1097,p.G1097A,COSMIC
1097,p.G1097V,COSMIC
1097,p.G1097C,TCGA
1097,p.G1097D,Miao_etal_NatGen_2018
1098,p.Q1098H,COSMIC
1098,p.Q1098H,TCGA
1099,p.M1099T,COSMIC
1100,p.T1100K,COSMIC
1100,p.T1100Qfs*6,COSMIC
1101,p.V1101I,COSMIC
1102,p.T1102K,COSMIC
1103,p.R1103Sfs*5,COSMIC
1103,p.R1103Sfs*5,TCGA
1104,p.L1104F,COSMIC
1107,p.Thr1107Arg,gnomAD_v3.1
1108,p.L1108V,COSMIC
1112,p.Lys1112Glu,gnomAD_v3.1
1113,p.Arg1113His,gnomAD_v3.1
1113,p.Arg1113Cys,gnomAD_v3.1
1113,p.R1113C,TCGA
1115,p.Pro1115Leu,gnomAD_v3.1
1115,p.Pro1115Ser,gnomAD_v3.1
1116,p.Cys1116Tyr,gnomAD_v3.1
1116,p.Cys1116Ser,gnomAD_v3.1
1117,p.P1117L,COSMIC
1118,p.Pro1118Ala,gnomAD_v3.1
1119,p.Asn1119Asp,gnomAD_v3.1
1122,p.D1122E,TCGA
1123,p.E1123K,COSMIC
1123,p.E1123D,COSMIC
1123,p.E1123Q,COSMIC
1123,p.E1123D,TCGA
1124,p.V1124I,COSMIC
1124,p.Val1124Val,gnomAD_v3.1
1124,p.X1124_splice,TCGA
1125,p.Y1125*,COSMIC
1126,p.Gln1126Ter,gnomAD_v3.1
1126,p.Q1126*,TCGA
1128,p.Met1128Ile,gnomAD_v3.1
1131,p.C1131Y,COSMIC
1131,p.C1131F,COSMIC
1131,p.C1131Y,TCGA
1133,p.E1133*,COSMIC
1133,p.E1133A,COSMIC
1134,p.F1134L,COSMIC
1134,p.Phe1134Leu,gnomAD_v3.1
1135,p.Q1135*,COSMIC
1135,p.Q1135*,TCGA
1138,p.Asn1138Ser,gnomAD_v3.1
1139,p.R1139W,COSMIC
1139,p.R1139W,TCGA
1141,p.S1141N,COSMIC
1141,p.S1141C,COSMIC
1141,p.S1141C,TCGA
1143,p.Q1143*,COSMIC
1144,p.N1144S,COSMIC
1146,p.Ile1146Thr,gnomAD_v3.1
1147,p.E1147Ffs*6,COSMIC
1148,p.G1148*,COSMIC
1148,p.Gly1148AspfsTer6,gnomAD_v3.1
1150,p.E1150K,COSMIC
1151,p.Ala1151Glu,gnomAD_v3.1
1151,p.Ala1151Thr,gnomAD_v3.1
1153,p.L1153F,COSMIC
1155,p.*1155Q,ClinVar
1155,p.Ter1155Ter,gnomAD_v3.1
1155,p.Ter1155GlnextTer3,gnomAD_v3.1